"","Model","n","estimate","mse"
"1","Linear",1000,1.13827502767841,0.019119983279464
"2","PS",1000,1.30597035868519,0.0936178603939467
"3","Heckman",1000,0.901420540916093,0.00971790975327562
"4","Linear",1000,1.19463874632597,0.0378842415713442
"5","PS",1000,1.52652283457407,0.277226295327915
"6","Heckman",1000,0.863547862178667,0.0186191859160121
"7","Linear",1000,1.37473018556599,0.140422711974323
"8","PS",1000,1.48962783754144,0.23973541929551
"9","Heckman",1000,1.18661314404982,0.0348244655321572
"10","Linear",1000,1.20334000888911,0.0413471592150226
"11","PS",1000,1.33716633504607,0.113681137488397
"12","Heckman",1000,0.859895981819375,0.0196291359103568
"13","Linear",1000,1.25195050235256,0.0634790556357068
"14","PS",1000,1.66553484796198,0.44293663385178
"15","Heckman",1000,0.971009511453698,0.000840448426153289
"16","Linear",1000,0.986630638417621,0.000178739829120389
"17","PS",1000,1.27372060092849,0.0749229673726537
"18","Heckman",1000,0.898423375353343,0.0103178106746079
"19","Linear",1000,1.18506607172821,0.0342494509049118
"20","PS",1000,1.37699540918961,0.14212553855004
"21","Heckman",1000,0.971916585970214,0.000788678143568386
"22","Linear",1000,1.12178409144794,0.0148313649297997
"23","PS",1000,1.17665812340616,0.0312080925653849
"24","Heckman",1000,1.00115418380742,1.33214026130449e-06
"25","Linear",1000,1.28139775334647,0.079184695588439
"26","PS",1000,1.61500219384005,0.378227698428076
"27","Heckman",1000,0.862567466219082,0.0188877013414432
"28","Linear",1000,1.22618047356009,0.0511576066198668
"29","PS",1000,1.55533265775546,0.308394360769738
"30","Heckman",1000,1.05769551311433,0.00332877223352613
"31","Linear",1000,1.30831760691794,0.0950597467356062
"32","PS",1000,1.64701229718169,0.418624912704324
"33","Heckman",1000,1.1323663366534,0.0175208470790405
"34","Linear",1000,1.23934638795426,0.0572866934267514
"35","PS",1000,1.5833110280407,0.340251755433893
"36","Heckman",1000,0.752179289026914,0.061415104787206
"37","Linear",1000,1.22820378432109,0.052076967178467
"38","PS",1000,1.43957071448251,0.193222413030665
"39","Heckman",1000,1.00860872807557,7.41101990791569e-05
"40","Linear",1000,1.07595789977284,0.00576960253790072
"41","PS",1000,1.29790112715422,0.0887450815597575
"42","Heckman",1000,0.769511373515438,0.0531250069387399
"43","Linear",1000,1.37161150200627,0.138095108423357
"44","PS",1000,1.42813181383339,0.183296850016269
"45","Heckman",1000,1.19400099250876,0.0376363850943852
"46","Linear",1000,1.19624852748099,0.0385134845384569
"47","PS",1000,1.59305220841579,0.35171092190685
"48","Heckman",1000,0.865970218216534,0.0179639824049234
"49","Linear",1000,1.29116653258258,0.0847779496961605
"50","PS",1000,1.83845773514432,0.703011373623337
"51","Heckman",1000,0.971258110811236,0.000826096194139168
"52","Linear",1000,1.12953831588012,0.0167801752810575
"53","PS",1000,1.34622083644847,0.119868867591081
"54","Heckman",1000,0.839748406119287,0.0256805733413089
"55","Linear",1000,1.16287847570802,0.0265293978489671
"56","PS",1000,1.25839174844744,0.066766295665724
"57","Heckman",1000,0.917384330035802,0.00682534892363321
"58","Linear",1000,1.29302623356078,0.0858643735548164
"59","PS",1000,1.51902112317258,0.269382926299332
"60","Heckman",1000,1.05415281123425,0.00293252696457181
"61","Linear",1000,1.18732168831417,0.0350894149128718
"62","PS",1000,1.17941741310845,0.0321906081265269
"63","Heckman",1000,0.876492497474558,0.0152541031800719
"64","Linear",1000,1.11510228460965,0.0132485359223619
"65","PS",1000,1.17895697107938,0.0320255974979045
"66","Heckman",1000,0.850155094851572,0.0224534955989413
"67","Linear",1000,1.18717534891866,0.0350346112428205
"68","PS",1000,1.14400674695956,0.0207379431698757
"69","Heckman",1000,1.05851934743994,0.00342451402479612
"70","Linear",1000,1.20428101424169,0.0417307327796142
"71","PS",1000,1.43615432325486,0.190230593693904
"72","Heckman",1000,0.896023509879182,0.0108111104978445
"73","Linear",1000,1.25330377816627,0.0641628040333051
"74","PS",1000,1.60409761942989,0.364933933800865
"75","Heckman",1000,0.978763176069534,0.000451002690653599
"76","Linear",1000,1.18510593192253,0.0342642060329086
"77","PS",1000,1.4820403480507,0.232362897148843
"78","Heckman",1000,0.92449026762466,0.00570171968339547
"79","Linear",1000,1.23660969213646,0.0559841464129108
"80","PS",1000,1.15225285223485,0.0231809310136478
"81","Heckman",1000,1.15159863179675,0.022982145162647
"82","Linear",1000,1.1161560613296,0.0134922305836067
"83","PS",1000,1.16815625146227,0.0282765249058422
"84","Heckman",1000,0.876431637471343,0.0152691402180137
"85","Linear",1000,1.31145485275903,0.0970041253071515
"86","PS",1000,1.52099815490338,0.271439077412728
"87","Heckman",1000,1.02244776801885,0.000503902289028312
"88","Linear",1000,1.22051898850662,0.0486286242919815
"89","PS",1000,1.43653450487425,0.190562373945805
"90","Heckman",1000,0.893226605503286,0.011400557772351
"91","Linear",1000,1.41801608970181,0.174737451249591
"92","PS",1000,1.60030907278398,0.360370982866764
"93","Heckman",1000,1.16328907778581,0.0266633229241396
"94","Linear",1000,1.39584407684845,0.156692533176004
"95","PS",1000,1.81562148744568,0.665238410783104
"96","Heckman",1000,0.889357451292013,0.0122417735845994
"97","Linear",1000,1.27816424732482,0.0773753484897829
"98","PS",1000,1.5074666498011,0.257522400660352
"99","Heckman",1000,1.0002369602403,5.61501554820127e-08
"100","Linear",1000,1.2625095147446,0.0689112453314469
"101","PS",1000,1.46827333111702,0.219279912635431
"102","Heckman",1000,1.08067071607623,0.00650776443225234
"103","Linear",1000,1.2822313643125,0.0796545430016953
"104","PS",1000,1.49688932704498,0.246899003331211
"105","Heckman",1000,0.997127272605289,8.2525626843218e-06
"106","Linear",1000,1.20920850916467,0.0437682003069024
"107","PS",1000,1.23839136606044,0.0568304434121622
"108","Heckman",1000,1.08245878976801,0.00679945201000502
"109","Linear",1000,1.13744566127283,0.0188913098027268
"110","PS",1000,1.34891832203816,0.121743995453923
"111","Heckman",1000,1.01503831486369,0.000226150913939577
"112","Linear",1000,1.11245002309223,0.0126450076934438
"113","PS",1000,1.28032376698995,0.0785814143394347
"114","Heckman",1000,0.930191701073083,0.00487319859906986
"115","Linear",1000,1.20774506223178,0.0431580108816844
"116","PS",1000,1.37394608896774,0.139835677454272
"117","Heckman",1000,1.10237885126818,0.0104814291869919
"118","Linear",1000,1.26876877175292,0.0722366526695757
"119","PS",1000,1.3690698276146,0.13621253765547
"120","Heckman",1000,0.998505644588846,2.23309809484575e-06
"121","Linear",1000,1.19012694390717,0.0361482547994808
"122","PS",1000,1.22706212045895,0.0515572065473146
"123","Heckman",1000,0.984312078483678,0.000246110881502276
"124","Linear",1000,0.95787549735174,0.0017744737233633
"125","PS",1000,1.13383830646761,0.017912692278117
"126","Heckman",1000,0.700461157700631,0.0897235180460465
"127","Linear",1000,1.1915448672621,0.0366894361744551
"128","PS",1000,1.27592920459341,0.076136925947554
"129","Heckman",1000,1.00186859526369,3.49164825946847e-06
"130","Linear",1000,1.38920884123999,0.151483522099374
"131","PS",1000,1.7948457021494,0.63177969022538
"132","Heckman",1000,1.03340676967962,0.00111601226042724
"133","Linear",1000,1.2327844069823,0.0541885801341002
"134","PS",1000,1.23146148448374,0.0535744187994174
"135","Heckman",1000,1.13020083571547,0.0169522576210069
"136","Linear",1000,1.23508757194179,0.0552661664814854
"137","PS",1000,1.25692351841702,0.0660096943157807
"138","Heckman",1000,0.989173188991501,0.000117219836613753
"139","Linear",1000,1.1277044255192,0.0163084202971896
"140","PS",1000,1.43821408996859,0.192031588646998
"141","Heckman",1000,0.933712899025478,0.00439397975560642
"142","Linear",1000,1.17665116524122,0.0312056341810806
"143","PS",1000,1.28334805094492,0.080286117974287
"144","Heckman",1000,0.958709232344687,0.00170492749356504
"145","Linear",1000,1.24752830538693,0.0612702619677259
"146","PS",1000,1.28173719746562,0.0793758484357812
"147","Heckman",1000,1.05082563126377,0.00258324479336099
"148","Linear",1000,1.21090865111561,0.044482459115404
"149","PS",1000,1.17407651267673,0.0303026322656919
"150","Heckman",1000,1.06506853721418,0.00423391453519266
"151","Linear",1000,1.2130019569596,0.0453698336686195
"152","PS",1000,1.53902036620743,0.290542955186392
"153","Heckman",1000,0.943982174737336,0.0031379967471584
"154","Linear",1000,1.24147399773305,0.0583096915811832
"155","PS",1000,1.43696684038772,0.190940019598429
"156","Heckman",1000,0.96522729614517,0.00120914093337569
"157","Linear",1000,1.19049890415916,0.0362898324858397
"158","PS",1000,1.28133258927978,0.0791480257908643
"159","Heckman",1000,1.08884853631258,0.00789406240488866
"160","Linear",1000,1.21598018463327,0.0466474401542228
"161","PS",1000,1.30776417918787,0.0947187899911864
"162","Heckman",1000,1.16344553839501,0.026714444021235
"163","Linear",1000,1.29410392791057,0.0864971204124248
"164","PS",1000,1.41486130122468,0.172109899253836
"165","Heckman",1000,0.915322018910436,0.00717036048140458
"166","Linear",1000,1.25626243428048,0.0656704352233595
"167","PS",1000,1.44975443543124,0.202279052190073
"168","Heckman",1000,1.10304888786843,0.0106190732909208
"169","Linear",1000,1.25948503752974,0.0673324847018096
"170","PS",1000,1.49815291538849,0.248156327110049
"171","Heckman",1000,0.956016043238493,0.00193458845239816
"172","Linear",1000,1.00594887042776,3.53890593662951e-05
"173","PS",1000,1.09103182597658,0.00828679334063008
"174","Heckman",1000,0.781117610747815,0.047909500324745
"175","Linear",1000,1.21831669705367,0.0476621802124244
"176","PS",1000,1.59908334263926,0.358900851427829
"177","Heckman",1000,0.915112985813927,0.00720580517742654
"178","Linear",1000,1.32994204569046,0.108861753514404
"179","PS",1000,1.56147657999731,0.315255949885478
"180","Heckman",1000,0.974759028238776,0.000637106655450923
"181","Linear",1000,1.31859420428374,0.101502267003187
"182","PS",1000,1.73636313218412,0.542230662440009
"183","Heckman",1000,1.04660957767681,0.00217245273121088
"184","Linear",1000,1.20326204962649,0.0413154608183603
"185","PS",1000,1.43959693907915,0.193245468847756
"186","Heckman",1000,0.885263869577185,0.0131643796244013
"187","Linear",1000,1.28592426526911,0.0817526854696783
"188","PS",1000,1.50989661405079,0.259994557020465
"189","Heckman",1000,0.964537802558991,0.00125756744734507
"190","Linear",1000,1.3955285085677,0.156442801089787
"191","PS",1000,1.88205397929941,0.778019222397917
"192","Heckman",1000,1.15636581817369,0.0244502690931276
"193","Linear",1000,1.25221823869667,0.0636140399312523
"194","PS",1000,1.36679446406592,0.134538178869404
"195","Heckman",1000,1.10181430072699,0.0103661518325268
"196","Linear",1000,1.209772251125,0.0440043973420495
"197","PS",1000,1.21314502035185,0.0454307997007909
"198","Heckman",1000,1.11804642738321,0.0139349590179405
"199","Linear",1000,1.1436215029026,0.0206271360960005
"200","PS",1000,1.53224781839848,0.28328774018994
"201","Heckman",1000,0.84822831913071,0.0230346431138897
"202","Linear",1000,1.24045035739353,0.0578163743706748
"203","PS",1000,1.41408125364267,0.171463284618287
"204","Heckman",1000,0.995801731008313,1.76254625265593e-05
"205","Linear",1000,1.17087691254765,0.0291989192418189
"206","PS",1000,1.39694615146942,0.157566247166387
"207","Heckman",1000,0.814701887930165,0.034335390336645
"208","Linear",1000,1.24025040298679,0.057720256135317
"209","PS",1000,1.28767188491115,0.0827551133683345
"210","Heckman",1000,1.17754724801508,0.0315230252777296
"211","Linear",1000,1.36804578073652,0.135457696717955
"212","PS",1000,1.58422930151295,0.341323876746314
"213","Heckman",1000,1.12167180194577,0.0148040273887308
"214","Linear",1000,1.17915348134912,0.0320959698795104
"215","PS",1000,1.33108876970331,0.10961977342365
"216","Heckman",1000,0.830976992203317,0.0285687771646375
"217","Linear",1000,1.26660665158151,0.0710791066675035
"218","PS",1000,1.66567077454186,0.443117580079163
"219","Heckman",1000,1.08020318842929,0.00643255143422377
"220","Linear",1000,1.32273441835701,0.104157504792239
"221","PS",1000,1.45423957192826,0.206333588705567
"222","Heckman",1000,1.14722934019326,0.0216764786137429
"223","Linear",1000,1.19639613647109,0.0385714424207693
"224","PS",1000,1.55213586274255,0.304854010926454
"225","Heckman",1000,0.869530002434929,0.0170224202646297
"226","Linear",1000,1.24821258894581,0.0616094893111806
"227","PS",1000,1.53695655570698,0.288322342716702
"228","Heckman",1000,0.97598548557839,0.000576696902905734
"229","Linear",1000,1.20361128049797,0.0414575535460247
"230","PS",1000,1.45394380080125,0.206064974285882
"231","Heckman",1000,0.917484857520735,0.00680874873837347
"232","Linear",1000,1.33336272935523,0.11113070932317
"233","PS",1000,1.48568908806073,0.235893890261264
"234","Heckman",1000,1.07919630781272,0.00627205517116745
"235","Linear",1000,1.2154175286245,0.0464047116386858
"236","PS",1000,1.20829608851908,0.0433872604923505
"237","Heckman",1000,1.04703019618819,0.00221183935349946
"238","Linear",1000,1.1706998155818,0.0291384270396612
"239","PS",1000,1.44493347096806,0.197965793587686
"240","Heckman",1000,0.896615371047747,0.010688381503595
"241","Linear",1000,1.14327480587791,0.0205276699993534
"242","PS",1000,1.44494660191877,0.197977478559059
"243","Heckman",1000,0.886635708811856,0.0128514625165904
"244","Linear",1000,1.29031737463007,0.0842841780120982
"245","PS",1000,1.495230428386,0.245253177199378
"246","Heckman",1000,1.00744472166969,5.54238807391719e-05
"247","Linear",1000,1.36016800925097,0.129720994887805
"248","PS",1000,1.62479685422206,0.390371109045787
"249","Heckman",1000,1.02662461781661,0.000708870273880326
"250","Linear",1000,1.44404480897486,0.197175792377524
"251","PS",1000,1.79358706680182,0.629780432595118
"252","Heckman",1000,1.03362354379856,0.00113054269757335
"253","Linear",1000,1.20311739593285,0.0412566765305442
"254","PS",1000,1.59353058282515,0.35227855274876
"255","Heckman",1000,0.83997037440802,0.0256094810671094
"256","Linear",1000,1.26294089209916,0.0691379127379021
"257","PS",1000,1.56277542229136,0.316716175935223
"258","Heckman",1000,0.902110174073084,0.00958241802000185
"259","Linear",1000,1.27622213689634,0.076298668911583
"260","PS",1000,1.68343430828238,0.467082453737412
"261","Heckman",1000,0.974380822576123,0.000656342251876065
"262","Linear",1000,1.16886680074188,0.0285159963927994
"263","PS",1000,1.33970466507155,0.115399259471376
"264","Heckman",1000,0.885999117123038,0.0129962012967267
"265","Linear",1000,1.12978446457699,0.0168440072455351
"266","PS",1000,1.40065109029432,0.160521296154024
"267","Heckman",1000,0.91672610843342,0.00693454101664246
"268","Linear",1000,1.21944430091494,0.0481558012040468
"269","PS",1000,1.19878714919266,0.0395163306841448
"270","Heckman",1000,0.982847990713138,0.000294191422576616
"271","Linear",1000,1.14780904852372,0.0218475148254864
"272","PS",1000,1.35657352024548,0.127144675340252
"273","Heckman",1000,0.90505900836308,0.0090137918930017
"274","Linear",1000,1.18718357024629,0.0350376889701478
"275","PS",1000,1.52292536886227,0.273450941399743
"276","Heckman",1000,0.919672049798314,0.00645257958360452
"277","Linear",1000,1.21479891085233,0.0461385721033471
"278","PS",1000,1.42812168799885,0.183288179734986
"279","Heckman",1000,0.968724275593564,0.00097817093714733
"280","Linear",1000,1.44795690172144,0.200665385799869
"281","PS",1000,1.48521734176004,0.235435868744682
"282","Heckman",1000,1.18889675190188,0.0356819828790805
"283","Linear",1000,1.18778235458474,0.0352622126933897
"284","PS",1000,1.22792382131032,0.0519492683206978
"285","Heckman",1000,0.888419276643944,0.0124502578246606
"286","Linear",1000,1.34882019767624,0.121675530306894
"287","PS",1000,1.44947577153777,0.202028469199472
"288","Heckman",1000,1.21291103630074,0.0453311093786557
"289","Linear",1000,1.38313304492217,0.146790930111334
"290","PS",1000,1.7008275717786,0.491159285365085
"291","Heckman",1000,1.06599157135994,0.0043548874905539
"292","Linear",1000,1.32759778532755,0.107320308951514
"293","PS",1000,1.49562086886487,0.245640045654369
"294","Heckman",1000,0.995640077300806,1.90089259429485e-05
"295","Linear",1000,1.20196776394612,0.0407909776733965
"296","PS",1000,1.76382692324025,0.583431568666673
"297","Heckman",1000,0.838990937880975,0.0259239180844481
"298","Linear",1000,1.09853177563266,0.00970851080932407
"299","PS",1000,1.37037555336739,0.137178050532202
"300","Heckman",1000,0.822476048039919,0.031514753519525
"301","Linear",5000,1.23867802053518,0.0569671974865931
"302","PS",5000,1.43267969407384,0.18721171766383
"303","Heckman",5000,1.02714313886948,0.000736749987687614
"304","Linear",5000,1.31770157645653,0.100934291682964
"305","PS",5000,1.5175799543308,0.26788900912507
"306","Heckman",5000,1.10175717375211,0.0103545224100171
"307","Linear",5000,1.22175766753562,0.0491764631108388
"308","PS",5000,1.43499204507161,0.189218079275582
"309","Heckman",5000,0.982755022263486,0.000297389257132868
"310","Linear",5000,1.27149686127934,0.073710545684531
"311","PS",5000,1.45297167478221,0.205183338155003
"312","Heckman",5000,1.05764194938412,0.00332259432880135
"313","Linear",5000,1.22850354302513,0.0522138691750367
"314","PS",5000,1.36316505841227,0.131888859651587
"315","Heckman",5000,1.02553990723256,0.000652286861448006
"316","Linear",5000,1.20804285454271,0.0432818293262798
"317","PS",5000,1.50237583885847,0.252381483468748
"318","Heckman",5000,0.955906239086697,0.00194425975147952
"319","Linear",5000,1.26923055136371,0.072485089787609
"320","PS",5000,1.51080707046293,0.260923863234923
"321","Heckman",5000,1.03666580639211,0.00134438135838362
"322","Linear",5000,1.25814820102231,0.0666404936910559
"323","PS",5000,1.44069044629465,0.194208069455377
"324","Heckman",5000,1.03317832041479,0.00110080094554672
"325","Linear",5000,1.13806449286453,0.0190618041899408
"326","PS",5000,1.31292117193484,0.0979196598450767
"327","Heckman",5000,0.890832929556347,0.0119174492692495
"328","Linear",5000,1.31535486339838,0.0994486898690087
"329","PS",5000,1.54026717753356,0.291888623120076
"330","Heckman",5000,1.03678761269835,0.00135332844804408
"331","Linear",5000,1.22216429036903,0.0493569719151762
"332","PS",5000,1.4251816197392,0.180779409764051
"333","Heckman",5000,0.965386727906122,0.00119807860504486
"334","Linear",5000,1.30691386140544,0.094196118322797
"335","PS",5000,1.58645209430267,0.343926058911985
"336","Heckman",5000,1.01832269732518,0.000335721237270296
"337","Linear",5000,1.22266293631859,0.0495787832100169
"338","PS",5000,1.34195269102345,0.116931642898176
"339","Heckman",5000,1.01045035183926,0.000109209853564237
"340","Linear",5000,1.20312699525537,0.0412605762014752
"341","PS",5000,1.37645454959194,0.141718027908469
"342","Heckman",5000,0.953154244912261,0.00219452476974045
"343","Linear",5000,1.31110654901621,0.0967872848407757
"344","PS",5000,1.52425487274558,0.27484317159748
"345","Heckman",5000,1.06273809505839,0.00393606857155564
"346","Linear",5000,1.31931588094262,0.101962631822161
"347","PS",5000,1.56326401617302,0.317266351915362
"348","Heckman",5000,1.04873221128332,0.00237482841656248
"349","Linear",5000,1.26062790577723,0.0679269052698227
"350","PS",5000,1.45139295082591,0.203755596055321
"351","Heckman",5000,1.03373653957056,0.00113815410219563
"352","Linear",5000,1.20503201514256,0.04203812723342
"353","PS",5000,1.56370403058585,0.317762234098734
"354","Heckman",5000,0.895670308879348,0.0108846844493307
"355","Linear",5000,1.18649461560008,0.0347802416478225
"356","PS",5000,1.53016572922367,0.281075700443265
"357","Heckman",5000,0.878545475260426,0.0147512015797158
"358","Linear",5000,1.15478095574199,0.0239571442604032
"359","PS",5000,1.3537609216521,0.125146789688143
"360","Heckman",5000,0.969050399747031,0.000957877755818606
"361","Linear",5000,1.22651956431459,0.0513111130172695
"362","PS",5000,1.447148438887,0.199941726399082
"363","Heckman",5000,0.981647212704449,0.000336824801515751
"364","Linear",5000,1.26149250568706,0.0683783305304951
"365","PS",5000,1.5076001015726,0.25765786311651
"366","Heckman",5000,1.0128545268198,0.00016523885976087
"367","Linear",5000,1.18000367365858,0.0324013225305837
"368","PS",5000,1.43363571657238,0.188039934687245
"369","Heckman",5000,0.85478421946947,0.0210876229150911
"370","Linear",5000,1.18698028230051,0.0349616259691785
"371","PS",5000,1.36384067462136,0.132380036508929
"372","Heckman",5000,0.980909331776981,0.000364453613201378
"373","Linear",5000,1.20876499744533,0.04358282415835
"374","PS",5000,1.42378613861129,0.179594691279068
"375","Heckman",5000,0.943111540948976,0.00323629677320002
"376","Linear",5000,1.20178852688676,0.0407186095831282
"377","PS",5000,1.41856381811008,0.175195669830891
"378","Heckman",5000,0.986349841710033,0.000186326821341151
"379","Linear",5000,1.22732541800078,0.05167684566923
"380","PS",5000,1.46770073787409,0.218743980207964
"381","Heckman",5000,0.99968373778737,1.00021787137646e-07
"382","Linear",5000,1.22874967803322,0.0523264152003018
"383","PS",5000,1.4799185591904,0.230321823455386
"384","Heckman",5000,0.935831909850479,0.00411754379343708
"385","Linear",5000,1.19738600429897,0.0389612346931147
"386","PS",5000,1.37181421624824,0.138245811404291
"387","Heckman",5000,0.937174608745459,0.00394702978628617
"388","Linear",5000,1.20217097852644,0.0408731045583374
"389","PS",5000,1.40451260361997,0.163630446487408
"390","Heckman",5000,1.00582482587256,3.39285964456541e-05
"391","Linear",5000,1.20607051942318,0.0424650589753395
"392","PS",5000,1.43007803884467,0.184967119496476
"393","Heckman",5000,0.964186210041912,0.00128262755116206
"394","Linear",5000,1.2394518632221,0.0573371948005341
"395","PS",5000,1.46350654018467,0.214838312793959
"396","Heckman",5000,0.951006567488446,0.00240035642926419
"397","Linear",5000,1.27898770402137,0.077834138995114
"398","PS",5000,1.50438826057578,0.25440751740666
"399","Heckman",5000,1.02687736279189,0.000722392630646951
"400","Linear",5000,1.2723020573381,0.0741484104305611
"401","PS",5000,1.46500753290124,0.216232005654894
"402","Heckman",5000,1.00122059099582,1.4898423790873e-06
"403","Linear",5000,1.31020955016579,0.0962299650140597
"404","PS",5000,1.46084443671324,0.212377594849544
"405","Heckman",5000,1.07166369313957,0.00513568491440299
"406","Linear",5000,1.22209075609312,0.0493243039420133
"407","PS",5000,1.40400303354346,0.163218451112317
"408","Heckman",5000,0.977772722806479,0.00049405185143762
"409","Linear",5000,1.16345173390909,0.0267164693178882
"410","PS",5000,1.37449617058748,0.14024738178469
"411","Heckman",5000,0.943567803673171,0.00318459278226973
"412","Linear",5000,1.19804718928886,0.0392226891852164
"413","PS",5000,1.43872727990106,0.192481626129381
"414","Heckman",5000,0.874516383317191,0.015746138055798
"415","Linear",5000,1.28908769489362,0.0835716953389047
"416","PS",5000,1.47196636181025,0.222752246680406
"417","Heckman",5000,1.08325397992303,0.00693122517302411
"418","Linear",5000,1.26982685132286,0.0728065296948115
"419","PS",5000,1.54088408074478,0.292555588803124
"420","Heckman",5000,0.994371804545318,3.16765840761002e-05
"421","Linear",5000,1.13467161724503,0.0181364444913909
"422","PS",5000,1.37580802695903,0.141231673126839
"423","Heckman",5000,0.857843405962662,0.0202084972282966
"424","Linear",5000,1.20110073383264,0.0404415051480282
"425","PS",5000,1.42048615902918,0.176808609935113
"426","Heckman",5000,0.966386697970134,0.00112985407335097
"427","Linear",5000,1.19314501434317,0.0373049965656216
"428","PS",5000,1.51193786153419,0.262080374072202
"429","Heckman",5000,0.889151143656626,0.0122874689526339
"430","Linear",5000,1.14614114789345,0.0213572351076149
"431","PS",5000,1.37093663128152,0.137593984426486
"432","Heckman",5000,0.918402748821526,0.00665811139988297
"433","Linear",5000,1.29237941128171,0.0854857201414383
"434","PS",5000,1.52267038285795,0.273184329116874
"435","Heckman",5000,0.997574199996161,5.88450565862296e-06
"436","Linear",5000,1.15309547958242,0.0234382258685708
"437","PS",5000,1.437975420778,0.191822469205669
"438","Heckman",5000,0.88449364593804,0.0133417178286868
"439","Linear",5000,1.26448625382105,0.0699529784602916
"440","PS",5000,1.52867198802289,0.279494070920074
"441","Heckman",5000,0.924475433552258,0.00570396013711939
"442","Linear",5000,1.28568622879832,0.0816166213250073
"443","PS",5000,1.52324514788985,0.273785484790272
"444","Heckman",5000,1.06971911704168,0.00486075528107154
"445","Linear",5000,1.23232916481584,0.0539768408240268
"446","PS",5000,1.50453199822528,0.254552537233198
"447","Heckman",5000,0.961066303423379,0.0015158327291204
"448","Linear",5000,1.28809515631647,0.082998819093012
"449","PS",5000,1.59892522552402,0.358711425769001
"450","Heckman",5000,0.988747134002343,0.000126626993161234
"451","Linear",5000,1.21739984947278,0.0472626945507895
"452","PS",5000,1.43755177059504,0.191451551950851
"453","Heckman",5000,0.948432338147025,0.00265922374898282
"454","Linear",5000,1.18629622116264,0.0347062820194805
"455","PS",5000,1.42610934882476,0.181569177155864
"456","Heckman",5000,0.907631543845151,0.00853193169243026
"457","Linear",5000,1.24686117079818,0.0609404376478472
"458","PS",5000,1.3994668776773,0.159573786361253
"459","Heckman",5000,0.98134578663939,0.00034797967610317
"460","Linear",5000,1.24427801000605,0.0596717461725165
"461","PS",5000,1.4622621126274,0.213686260770751
"462","Heckman",5000,1.01362207387384,0.000185560896624293
"463","Linear",5000,1.24799442786343,0.061501236251312
"464","PS",5000,1.51857159101199,0.268916495004704
"465","Heckman",5000,0.925633599756086,0.00553036148523807
"466","Linear",5000,1.2432467691592,0.0591689907063885
"467","PS",5000,1.48168988188475,0.232025142310145
"468","Heckman",5000,0.936029692585841,0.00409220023066196
"469","Linear",5000,1.2030469531103,0.0412280651673745
"470","PS",5000,1.38231746846063,0.146166646690147
"471","Heckman",5000,0.987040063572371,0.000167959952208178
"472","Linear",5000,1.24416420077489,0.0596161569400414
"473","PS",5000,1.5030660650815,0.253075465836585
"474","Heckman",5000,0.946769751811805,0.00283345932217679
"475","Linear",5000,1.22024778303439,0.0485090859315645
"476","PS",5000,1.43096796448311,0.185733386410716
"477","Heckman",5000,0.973720284779882,0.000690623432050488
"478","Linear",5000,1.24948604290372,0.0622432856037553
"479","PS",5000,1.47342275426514,0.224129104255994
"480","Heckman",5000,1.0330502624488,0.0010923198479344
"481","Linear",5000,1.23426406712502,0.0548796531459543
"482","PS",5000,1.39748554784441,0.157994760745173
"483","Heckman",5000,1.00024585707763,6.04457026194682e-08
"484","Linear",5000,1.29159433132645,0.0850272540617213
"485","PS",5000,1.54416933781055,0.296120268213173
"486","Heckman",5000,0.99453033609806,2.9917223200181e-05
"487","Linear",5000,1.25053747688017,0.0627690273214798
"488","PS",5000,1.4820602839679,0.232382117379209
"489","Heckman",5000,1.03813729863423,0.00145445354711631
"490","Linear",5000,1.2568566263768,0.0659753265136711
"491","PS",5000,1.46208871041144,0.213525976289712
"492","Heckman",5000,0.980544268706163,0.000378525480177999
"493","Linear",5000,1.21652561573675,0.0468833422701799
"494","PS",5000,1.45576150276146,0.207718547399386
"495","Heckman",5000,1.02038106841711,0.000415387949823035
"496","Linear",5000,1.25409912039781,0.0645663629869413
"497","PS",5000,1.46689697244771,0.217992782880835
"498","Heckman",5000,0.966474452956783,0.00112396230454698
"499","Linear",5000,1.25460398783478,0.0648231906213734
"500","PS",5000,1.45893664310752,0.2106228423868
"501","Heckman",5000,1.02072501522435,0.000429526256049737
"502","Linear",5000,1.2589610255787,0.0670608127687698
"503","PS",5000,1.55783167402308,0.311176176543396
"504","Heckman",5000,0.939308076755,0.00368350954717701
"505","Linear",5000,1.26849397833097,0.0720890163999917
"506","PS",5000,1.53345520808849,0.284574459036732
"507","Heckman",5000,1.0052008528842,2.70488707230871e-05
"508","Linear",5000,1.21786619107737,0.0474656772145595
"509","PS",5000,1.36447466195081,0.13284177920416
"510","Heckman",5000,1.03671598313277,0.00134806341740575
"511","Linear",5000,1.21929296893513,0.0480894062243858
"512","PS",5000,1.45929733810238,0.210954044787933
"513","Heckman",5000,0.965420055808813,0.00119577254026563
"514","Linear",5000,1.28084533736409,0.0788741035191487
"515","PS",5000,1.50893718910298,0.259017062452043
"516","Heckman",5000,1.04523013740759,0.00204576532990942
"517","Linear",5000,1.17872956178017,0.0319442562541333
"518","PS",5000,1.4527935409622,0.205021990737087
"519","Heckman",5000,0.915214249873574,0.00718862342450074
"520","Linear",5000,1.25688339113731,0.0659890766422031
"521","PS",5000,1.55520069799992,0.308247815059595
"522","Heckman",5000,0.964731616046989,0.00124385890665699
"523","Linear",5000,1.21862450375511,0.0477966736421687
"524","PS",5000,1.34932490734105,0.122027890888831
"525","Heckman",5000,0.984532059469521,0.00023925718425442
"526","Linear",5000,1.26983345165481,0.072810091631946
"527","PS",5000,1.54108472429256,0.292772678862751
"528","Heckman",5000,1.01621285642394,0.000262856713423368
"529","Linear",5000,1.21743552860702,0.0472782091006132
"530","PS",5000,1.46545522834081,0.216648569589799
"531","Heckman",5000,0.949243758497592,0.00257619605145075
"532","Linear",5000,1.26246874681424,0.0688898430542399
"533","PS",5000,1.50309690184673,0.253106492647782
"534","Heckman",5000,1.04164954801969,0.00173468485024436
"535","Linear",5000,1.22570456023858,0.0509425485124923
"536","PS",5000,1.51859327569674,0.268938985597874
"537","Heckman",5000,0.994662346364849,2.84905463288364e-05
"538","Linear",5000,1.27085057274519,0.0733600327563954
"539","PS",5000,1.50251764708605,0.252523985632904
"540","Heckman",5000,1.0032577669782,1.06130456842541e-05
"541","Linear",5000,1.2025364698572,0.0410210216222152
"542","PS",5000,1.40876812118395,0.167091376896256
"543","Heckman",5000,0.931662837525575,0.00466996777505598
"544","Linear",5000,1.35721677347996,0.127603823255435
"545","PS",5000,1.68915759987254,0.474938197462079
"546","Heckman",5000,1.02682203966834,0.000719421811969746
"547","Linear",5000,1.18871834499424,0.0356146137373634
"548","PS",5000,1.34506209643264,0.119067850394492
"549","Heckman",5000,0.984744347517679,0.000232734932661332
"550","Linear",5000,1.22664470847602,0.0513678238801796
"551","PS",5000,1.46885126988222,0.219821513270172
"552","Heckman",5000,0.95843750879241,0.00172744067538098
"553","Linear",5000,1.20504290269123,0.0420425919440438
"554","PS",5000,1.43511922570775,0.189328740580516
"555","Heckman",5000,0.950818752544292,0.00241879510129957
"556","Linear",5000,1.25688331492572,0.0659890374872271
"557","PS",5000,1.34724645011839,0.120580097119824
"558","Heckman",5000,1.07733408897917,0.00598056131823895
"559","Linear",5000,1.24639066880292,0.0607083616731525
"560","PS",5000,1.41645354892912,0.173433558415657
"561","Heckman",5000,1.03143996741802,0.000988471551246419
"562","Linear",5000,1.23871989987131,0.0569871905945698
"563","PS",5000,1.45743583031928,0.209247538859885
"564","Heckman",5000,0.98455513528016,0.000238543846214144
"565","Linear",5000,1.20273244275945,0.0411004433472127
"566","PS",5000,1.48580960726241,0.23601097450846
"567","Heckman",5000,0.883715972582525,0.0135219750324282
"568","Linear",5000,1.27060830559121,0.073228855054945
"569","PS",5000,1.54743184568938,0.299681625674886
"570","Heckman",5000,1.03067376836089,0.000940880065457276
"571","Linear",5000,1.26940975519378,0.0725816161935709
"572","PS",5000,1.51266798853035,0.262828466463753
"573","Heckman",5000,0.99401638271007,3.58036758723455e-05
"574","Linear",5000,1.19808380999269,0.0392371957812211
"575","PS",5000,1.52040405987463,0.270820385534
"576","Heckman",5000,0.877316641856243,0.0150512063654293
"577","Linear",5000,1.20379731200497,0.0415333443804519
"578","PS",5000,1.36666379420447,0.134442337980421
"579","Heckman",5000,1.0280175443524,0.00078498279153849
"580","Linear",5000,1.26854054343536,0.072114023468561
"581","PS",5000,1.51775945680741,0.268074855113504
"582","Heckman",5000,1.02685007102608,0.000720926314105705
"583","Linear",5000,1.23625840082088,0.0558180319584409
"584","PS",5000,1.40242730907085,0.161947739086008
"585","Heckman",5000,0.97919706137158,0.000432762255577813
"586","Linear",5000,1.23656409643957,0.0559625717242721
"587","PS",5000,1.44434945166267,0.197446435192918
"588","Heckman",5000,0.98333095763494,0.000277856973368178
"589","Linear",5000,1.25213015317406,0.063569614139576
"590","PS",5000,1.43183163664224,0.186478562405114
"591","Heckman",5000,1.01927868817161,0.000371667817618057
"592","Linear",5000,1.1359832081048,0.0184914328864747
"593","PS",5000,1.3358472765842,0.112793393189022
"594","Heckman",5000,0.957793802231633,0.00178136313006254
"595","Linear",5000,1.20515405998951,0.04208818833018
"596","PS",5000,1.45121559606205,0.203595514129632
"597","Heckman",5000,0.912187840934551,0.0077109752797358
"598","Linear",5000,1.22217235087709,0.0493605534942508
"599","PS",5000,1.4345600483843,0.188842435651761
"600","Heckman",5000,0.966025347185175,0.00115427703388787
"601","Linear",10000,1.30504902665674,0.0930549086642255
"602","PS",10000,1.49353336292317,0.243575180318252
"603","Heckman",10000,1.04924513435313,0.00242508325745804
"604","Linear",10000,1.23171993065857,0.0536941262644144
"605","PS",10000,1.52452866459622,0.275130319983096
"606","Heckman",10000,0.912441210894981,0.00766654154953726
"607","Linear",10000,1.17419922681569,0.0303453706231858
"608","PS",10000,1.37232534983336,0.138626166128532
"609","Heckman",10000,0.937642056323559,0.00388851313955419
"610","Linear",10000,1.22206661053546,0.0493135795147093
"611","PS",10000,1.44931920521744,0.201887748177231
"612","Heckman",10000,0.978033940215182,0.000482507782470195
"613","Linear",10000,1.25398462347211,0.0645081889602706
"614","PS",10000,1.49522550266242,0.245248298487247
"615","Heckman",10000,0.960551134993734,0.00155621295028261
"616","Linear",10000,1.22287631769883,0.0496738529909907
"617","PS",10000,1.41030071341115,0.168346675425698
"618","Heckman",10000,0.980541287811448,0.000378641480036915
"619","Linear",10000,1.21975836195357,0.0482937376485171
"620","PS",10000,1.44291784841841,0.196176220447597
"621","Heckman",10000,0.939720243301628,0.00363364906761494
"622","Linear",10000,1.23328063426867,0.0544198543247924
"623","PS",10000,1.39746709122508,0.157980088606928
"624","Heckman",10000,0.986213705416838,0.000190061918333714
"625","Linear",10000,1.25242138166054,0.0637165539194152
"626","PS",10000,1.50621815377262,0.256256819208957
"627","Heckman",10000,0.9465087471915,0.00286131412702285
"628","Linear",10000,1.23605670865391,0.0557227697005188
"629","PS",10000,1.47986991920209,0.230275139355021
"630","Heckman",10000,0.970737046322893,0.000856320457908534
"631","Linear",10000,1.14177315060412,0.0200996262322194
"632","PS",10000,1.40351171479401,0.162821703976006
"633","Heckman",10000,0.898127034952063,0.0103781010076582
"634","Linear",10000,1.27815485241975,0.0773701219246545
"635","PS",10000,1.49149575727528,0.241568079419597
"636","Heckman",10000,1.0220602888274,0.000486656343148269
"637","Linear",10000,1.20831579742297,0.0433954714559689
"638","PS",10000,1.4598755837349,0.211485552515511
"639","Heckman",10000,0.912515616641596,0.00765351733160028
"640","Linear",10000,1.25165999177259,0.0633327514589823
"641","PS",10000,1.39553113345779,0.156444877534403
"642","Heckman",10000,1.03485295726012,0.00121472862977578
"643","Linear",10000,1.19271525844486,0.0371391708374681
"644","PS",10000,1.38675125788977,0.14957653547932
"645","Heckman",10000,0.971113433401889,0.000834433729827093
"646","Linear",10000,1.26691309063938,0.0712425979546676
"647","PS",10000,1.4295576007526,0.184519732364326
"648","Heckman",10000,1.02516533926718,0.000633294300432227
"649","Linear",10000,1.30241064362421,0.0914521973772097
"650","PS",10000,1.51592765938527,0.266181349718765
"651","Heckman",10000,1.11011041398223,0.0121243032673386
"652","Linear",10000,1.22249825524695,0.0495054735879365
"653","PS",10000,1.36269271225214,0.131546003520817
"654","Heckman",10000,1.03131192134154,0.000980436418098513
"655","Linear",10000,1.170395802786,0.0290347296070847
"656","PS",10000,1.33762337159626,0.113989541048025
"657","Heckman",10000,0.936668874891733,0.00401083140747895
"658","Linear",10000,1.21196875915969,0.044930754859698
"659","PS",10000,1.43644643054853,0.190485486738554
"660","Heckman",10000,0.955916930502047,0.00194331701636138
"661","Linear",10000,1.26402065711296,0.0697069073823594
"662","PS",10000,1.47258696505542,0.223338439540293
"663","Heckman",10000,1.02177256703371,0.000474044675237313
"664","Linear",10000,1.2459341477665,0.0604836050376341
"665","PS",10000,1.52239361167022,0.272895085513854
"666","Heckman",10000,0.928920479475305,0.00505229823802048
"667","Linear",10000,1.2089501890593,0.0436601815079186
"668","PS",10000,1.44433393804658,0.197432648499978
"669","Heckman",10000,0.93023095197328,0.00486772006255478
"670","Linear",10000,1.2470183660032,0.0610180731428906
"671","PS",10000,1.47117795627593,0.222008666480363
"672","Heckman",10000,0.987749858557454,0.000150065965362377
"673","Linear",10000,1.24541973020944,0.0602308439760722
"674","PS",10000,1.49976632332247,0.249766377927263
"675","Heckman",10000,0.971426186626613,0.000816462810697152
"676","Linear",10000,1.24162997751525,0.0583850460340217
"677","PS",10000,1.40004426043622,0.160035410307961
"678","Heckman",10000,1.01877042542719,0.000352328870717529
"679","Linear",10000,1.20941913562594,0.0438563743663156
"680","PS",10000,1.38850604624152,0.15093694796622
"681","Heckman",10000,0.983364292457609,0.000276746765435967
"682","Linear",10000,1.2600498261467,0.0676259120789265
"683","PS",10000,1.4802221134233,0.230613278220744
"684","Heckman",10000,1.03807198076007,0.00144947571899533
"685","Linear",10000,1.16828526461959,0.0283199302880843
"686","PS",10000,1.40754077000876,0.166089479219331
"687","Heckman",10000,0.903715012444328,0.00927079882859599
"688","Linear",10000,1.21516355044171,0.0462953534386819
"689","PS",10000,1.49362196427165,0.2436626436114
"690","Heckman",10000,0.938478876384085,0.00378484865096469
"691","Linear",10000,1.22045701332682,0.0486012947249816
"692","PS",10000,1.4782328459321,0.228706654928316
"693","Heckman",10000,0.955383805466575,0.00199060481464442
"694","Linear",10000,1.18269905930101,0.0333789462694724
"695","PS",10000,1.30221530475796,0.0913340904299476
"696","Heckman",10000,0.968227232910869,0.00100950872850017
"697","Linear",10000,1.23422528717852,0.0548614851538606
"698","PS",10000,1.47586936398038,0.226451651575092
"699","Heckman",10000,0.99688005002268,9.73408786097777e-06
"700","Linear",10000,1.23068014485053,0.0532133292282606
"701","PS",10000,1.48009513435593,0.230491338032235
"702","Heckman",10000,0.927787622501326,0.00521462746401104
"703","Linear",10000,1.19068483369707,0.0363607058020806
"704","PS",10000,1.50208335204411,0.25208769239985
"705","Heckman",10000,0.879108519661447,0.0146147500184468
"706","Linear",10000,1.22558682608788,0.050889416104403
"707","PS",10000,1.52225434258162,0.272749598345359
"708","Heckman",10000,0.919981304517073,0.00640299162678936
"709","Linear",10000,1.18639076411253,0.0347415169464519
"710","PS",10000,1.38881629001504,0.151178107381058
"711","Heckman",10000,0.915708228296099,0.00710510277698251
"712","Linear",10000,1.22181394733501,0.0492014272323394
"713","PS",10000,1.50892527848079,0.259004939076749
"714","Heckman",10000,0.976436026587115,0.00055526084300315
"715","Linear",10000,1.23655728583275,0.0559593494805561
"716","PS",10000,1.4833685738409,0.233645178176985
"717","Heckman",10000,0.984537289798317,0.000239095406781228
"718","Linear",10000,1.21099279316345,0.0445179587669163
"719","PS",10000,1.4480054572784,0.200708889751224
"720","Heckman",10000,0.981374953717913,0.000346892349009897
"721","Linear",10000,1.23065242732792,0.0532005422322616
"722","PS",10000,1.54478972232036,0.296795841545894
"723","Heckman",10000,0.941069287799762,0.00347282884042723
"724","Linear",10000,1.21981269852549,0.0483176224330563
"725","PS",10000,1.48184853485205,0.232178010539064
"726","Heckman",10000,0.930526185060113,0.00482661096230173
"727","Linear",10000,1.27485766372624,0.0755467353090452
"728","PS",10000,1.52562771012002,0.276284489646016
"729","Heckman",10000,1.02428590338939,0.000589805103438702
"730","Linear",10000,1.24002237927539,0.0576107425530176
"731","PS",10000,1.42934201919665,0.184334569447861
"732","Heckman",10000,0.996107505541094,1.51515131126108e-05
"733","Linear",10000,1.18968921634206,0.0359819987964631
"734","PS",10000,1.4192627645994,0.175781265779529
"735","Heckman",10000,0.939580709834179,0.00365049062414164
"736","Linear",10000,1.18779828535848,0.0352681959835845
"737","PS",10000,1.4356836650498,0.189820255991224
"738","Heckman",10000,0.917964248454269,0.00672986453167295
"739","Linear",10000,1.20457587441997,0.0418512883946945
"740","PS",10000,1.52131983368041,0.27177436898857
"741","Heckman",10000,0.931274415310248,0.00472320599094829
"742","Linear",10000,1.2088863590385,0.0436335109923606
"743","PS",10000,1.39435105736257,0.155512756442974
"744","Heckman",10000,0.991386702910636,7.4188886749646e-05
"745","Linear",10000,1.23282561063232,0.0542077649663132
"746","PS",10000,1.36180261415063,0.130901131606232
"747","Heckman",10000,1.02398176883195,0.000575125236308924
"748","Linear",10000,1.23329651073992,0.0544272619234237
"749","PS",10000,1.43069623439753,0.185499246324213
"750","Heckman",10000,0.991055100011254,8.00112358086649e-05
"751","Linear",10000,1.23820752139188,0.0567428232476622
"752","PS",10000,1.49010964255763,0.240207461727964
"753","Heckman",10000,0.972405717628665,0.000761444419588951
"754","Linear",10000,1.2120835281956,0.044979422931892
"755","PS",10000,1.48081642842838,0.231184437846628
"756","Heckman",10000,0.926742229102927,0.00536670099680803
"757","Linear",10000,1.16486723685312,0.0271812057875838
"758","PS",10000,1.37851563388051,0.143274085091963
"759","Heckman",10000,0.927202845436148,0.00529942571259332
"760","Linear",10000,1.27761018891023,0.0770674169867714
"761","PS",10000,1.48215927423797,0.232477565733686
"762","Heckman",10000,1.00531074344798,2.82039959702459e-05
"763","Linear",10000,1.22180389313746,0.0491969670109324
"764","PS",10000,1.43599658020065,0.190093017946666
"765","Heckman",10000,0.965813114277979,0.0011687431553705
"766","Linear",10000,1.2778439529665,0.0771972622000502
"767","PS",10000,1.52399912331869,0.274575081238753
"768","Heckman",10000,1.01195240125286,0.000142859895709295
"769","Linear",10000,1.27943640920848,0.0780847067913281
"770","PS",10000,1.4767797270008,0.227318908078954
"771","Heckman",10000,1.05743453730013,0.00329872607487974
"772","Linear",10000,1.2518709298795,0.0634389653183642
"773","PS",10000,1.44023700178542,0.193808617741017
"774","Heckman",10000,1.02717671867044,0.000738574037692213
"775","Linear",10000,1.21469818418863,0.0460953102938929
"776","PS",10000,1.4346854638228,0.188951452458845
"777","Heckman",10000,0.958444834344535,0.00172683179265315
"778","Linear",10000,1.18609790012852,0.034632428432244
"779","PS",10000,1.4736264510883,0.224322015170499
"780","Heckman",10000,0.930242600044692,0.00486609484852478
"781","Linear",10000,1.19805954921908,0.0392275850368648
"782","PS",10000,1.47670426847305,0.227246959580422
"783","Heckman",10000,0.90234830565115,0.00953585340920129
"784","Linear",10000,1.24715430722964,0.0610852515821646
"785","PS",10000,1.50912546239425,0.259208736458155
"786","Heckman",10000,0.958918524761885,0.00168768760773989
"787","Linear",10000,1.25479999805556,0.0649230390091136
"788","PS",10000,1.47026443538077,0.221148639183993
"789","Heckman",10000,1.0157074719554,0.000246724675229775
"790","Linear",10000,1.2101604586135,0.0441674183646364
"791","PS",10000,1.40906285417497,0.167332418665775
"792","Heckman",10000,1.00211678766199,4.48079000594686e-06
"793","Linear",10000,1.19880414855058,0.0395230894809204
"794","PS",10000,1.46218017487187,0.213610514044592
"795","Heckman",10000,0.908943479328363,0.00829128995682433
"796","Linear",10000,1.22636011415984,0.0512389012824577
"797","PS",10000,1.46568543193792,0.216862921519206
"798","Heckman",10000,0.956715671252199,0.00187353311514774
"799","Linear",10000,1.21294529360957,0.0453456980704639
"800","PS",10000,1.4242473280175,0.179985795329985
"801","Heckman",10000,0.949385069899654,0.00256187114906289
"802","Linear",10000,1.23604531418254,0.0557173903475328
"803","PS",10000,1.46049404631859,0.212054766694863
"804","Heckman",10000,1.02373779535894,0.000563482928503079
"805","Linear",10000,1.2191976868188,0.0480476259067118
"806","PS",10000,1.44355319978307,0.196739441037799
"807","Heckman",10000,0.978734233433949,0.000452232827641789
"808","Linear",10000,1.20065121720817,0.0402609109671184
"809","PS",10000,1.41885311337548,0.175437930584336
"810","Heckman",10000,0.929967562815067,0.00490454225806153
"811","Linear",10000,1.2494989801272,0.0622497410845116
"812","PS",10000,1.42390862300747,0.179698520660093
"813","Heckman",10000,0.971484294296431,0.000813145471772569
"814","Linear",10000,1.24262038889784,0.0588646531089393
"815","PS",10000,1.47527920063387,0.225890318555173
"816","Heckman",10000,1.00651656378461,4.24656035589495e-05
"817","Linear",10000,1.23249453103645,0.0540537069618591
"818","PS",10000,1.45731271974562,0.209134923641139
"819","Heckman",10000,0.946692658314753,0.00284167267754765
"820","Linear",10000,1.21445915095068,0.0459927274264845
"821","PS",10000,1.43040057728861,0.185244656930366
"822","Heckman",10000,0.935906174668152,0.00410801844566943
"823","Linear",10000,1.2352950228584,0.0553637477819366
"824","PS",10000,1.49303148251465,0.243080042750592
"825","Heckman",10000,0.973917947150202,0.000680273480859681
"826","Linear",10000,1.23784713153704,0.0565712579803961
"827","PS",10000,1.50900245208846,0.259083496232065
"828","Heckman",10000,0.996872016316964,9.78428192133679e-06
"829","Linear",10000,1.19980147906257,0.0399206310355889
"830","PS",10000,1.40499347400518,0.164019713986787
"831","Heckman",10000,0.969090996732212,0.00095536648300815
"832","Linear",10000,1.23722675951813,0.0562765354314727
"833","PS",10000,1.505811423135,0.255845195773856
"834","Heckman",10000,0.962427063485947,0.00141172555828905
"835","Linear",10000,1.23648836330309,0.0559267459777759
"836","PS",10000,1.42670647983954,0.182078419937051
"837","Heckman",10000,0.996114253947698,1.50990223829768e-05
"838","Linear",10000,1.27980431991031,0.0782904574404692
"839","PS",10000,1.50072710195353,0.250727630630783
"840","Heckman",10000,1.03767826506354,0.00141965165819849
"841","Linear",10000,1.27055869151961,0.0732020055568052
"842","PS",10000,1.5117133455537,0.261850548017763
"843","Heckman",10000,0.992757155234693,5.24588002943352e-05
"844","Linear",10000,1.19282401856781,0.0371811021366404
"845","PS",10000,1.34039919321967,0.115871610744601
"846","Heckman",10000,0.950897696442608,0.00241103621464224
"847","Linear",10000,1.23659978828546,0.0559794598167227
"848","PS",10000,1.4567846581933,0.208652223960772
"849","Heckman",10000,0.957694213654747,0.00178977955829017
"850","Linear",10000,1.19289517562734,0.0372085487803042
"851","PS",10000,1.39991795456338,0.159934370382158
"852","Heckman",10000,0.883311319163137,0.0136162482354473
"853","Linear",10000,1.22780886011985,0.0518968767491056
"854","PS",10000,1.47665099316074,0.22719616928112
"855","Heckman",10000,0.954418877486007,0.00207763872963566
"856","Linear",10000,1.25960803590987,0.06739633230898
"857","PS",10000,1.49239354356754,0.242451401746996
"858","Heckman",10000,1.04190652115254,0.00175615651510812
"859","Linear",10000,1.22527629800081,0.0507494104409499
"860","PS",10000,1.42569800118122,0.181218788209685
"861","Heckman",10000,0.988299300133596,0.000136906377363677
"862","Linear",10000,1.24120929980559,0.0581819263127046
"863","PS",10000,1.5311531155251,0.282123632132022
"864","Heckman",10000,0.960196312284765,0.00158433355573199
"865","Linear",10000,1.26167531305865,0.0684739694643439
"866","PS",10000,1.55217788509234,0.304900416785052
"867","Heckman",10000,0.967780870932847,0.00103807227784588
"868","Linear",10000,1.25065440523586,0.0628276308641417
"869","PS",10000,1.36890419979522,0.136090308626553
"870","Heckman",10000,1.05117908672389,0.00261929891789129
"871","Linear",10000,1.22139810249146,0.0490171197868174
"872","PS",10000,1.40537907940104,0.164332198016031
"873","Heckman",10000,0.943874747806115,0.0031500439338272
"874","Linear",10000,1.23097153285624,0.0533478489899609
"875","PS",10000,1.52353913236881,0.274093223121483
"876","Heckman",10000,0.916033391804339,0.0070503912918836
"877","Linear",10000,1.26238353376522,0.068845118791126
"878","PS",10000,1.55943964743499,0.312972719122187
"879","Heckman",10000,0.963500616594891,0.00133220498895317
"880","Linear",10000,1.21411996432319,0.0458473591217661
"881","PS",10000,1.47442515315557,0.225079225946688
"882","Heckman",10000,0.951449179535028,0.00235718216782191
"883","Linear",10000,1.22056099844556,0.0486471540353022
"884","PS",10000,1.405828379856,0.164696673896544
"885","Heckman",10000,0.982316576369961,0.000312703471279427
"886","Linear",10000,1.28219971697053,0.0796366802582466
"887","PS",10000,1.48245150257363,0.232759452335556
"888","Heckman",10000,1.02582515350123,0.000666938553362238
"889","Linear",10000,1.23405049827568,0.0547796357430921
"890","PS",10000,1.39272074309959,0.154229582060694
"891","Heckman",10000,0.998629629256421,1.87791597485616e-06
"892","Linear",10000,1.1691399891701,0.0286083359364611
"893","PS",10000,1.38977727084184,0.151926320864915
"894","Heckman",10000,0.906884636543893,0.00867047091156283
"895","Linear",10000,1.18373371104991,0.0337580765761714
"896","PS",10000,1.40048555156579,0.160388677012959
"897","Heckman",10000,0.971522348071024,0.000810976659387936
"898","Linear",10000,1.19393622820417,0.0376112606100595
"899","PS",10000,1.44629272492465,0.199177196320665
"900","Heckman",10000,0.927683390616874,0.00522969199267163
